IMPC_HEM_027_001,IMPC_HEM_029_001,IMPC_HEM_031_001,IMPC_HEM_034_001,IMPC_HEM_038_001
1.32111537757944E1,9.39817526962722,8.4997281305642E1,0.0591146983978434,0.78646202490939
1.27928232549232E1,1.01120373316103E1,8.31027771245215E1,0.078460874352866,0.87798644738645
1.28871965878991E1,1.17208417863625E1,7.81878492082131E1,0.0491477927355055,0.768413853141312
1.28972576621448E1,1.32453699597778E1,8.1625346700839E1,0.0778203002849155,0.46468970087676
1.3009792467462E1,9.70872458378426,8.11977571510408E1,0.0843642292211061,0.779168883002631
1.28126819693502E1,1.0637078716131E1,8.11051469713315E1,0.070175342033064,0.46641461147858
1.28661745295238E1,1.15884915405168E1,8.19389540320775E1,0.0599084125548312,0.522580489405998
1.28156734229402E1,9.96315395595761,8.24187394356097E1,0.0916303687410086,0.55149145061791
1.39254955835117E1,1.36961819252157E1,7.9755340441624E1,0.10189030828776,0.6270821693025
1.27442766347698E1,8.20480158211488,8.2504188055756E1,0.0619437353041474,0.54278710594326
1.26396705201516E1,1.02561267348704E1,8.27590531978068E1,0.084647863282354,0.7175897139411
1.27344458832573E1,9.8702719807779,8.3807921324361E1,0.0795384815531881,0.840635397389812
1.2658938366822E1,1.42440575033767E1,7.63888383158968E1,0.109274589222981,0.45633012791404
1.26630638039537E1,1.14954818239817E1,8.26980191811793E1,0.101351201092151,0.508392872908184
1.30230052534438E1,1.2119293557449E1,8.36418417315872E1,0.0426674037974847,0.355081872617144
1.27286386669254E1,1.3186458705044E1,8.2934829696098E1,0.0403390988444086,0.537128519412647
1.30277281606463E1,1.30778296852226E1,8.17437902856294E1,0.0519563726477371,0.438044711603055
1.2822853687326E1,1.22200919429552E1,8.18608722262175E1,0.0479036018047253,0.463079360937948
1.27589601204435E1,1.2815694633059E1,7.95240810031094E1,0.127576986666556,0.63331621411577
1.28376792500086E1,1.45989396358687E1,8.06473630435328E1,0.040322680326011,0.588036870202073
1.27532064155947E1,1.23725165396286E1,8.22065944689443E1,0.0411158096050155,0.657164640011577
1.27253282684872E1,1.31392925907121E1,8.06503142420057E1,0.0545218021061753,0.443852115695461
1.2845389837116E1,1.22662204055473E1,8.11601440652193E1,0.0538935894514752,0.878851202643738
1.25981796345123E1,1.27452976129894E1,7.87883125306837E1,0.0496451082383342,0.415710038276233
1.2814589873054E1,1.20912167787096E1,8.13614499276925E1,0.074396337630151,0.53934376778242
1.27453377732631E1,1.22543945891163E1,8.17514897432465E1,0.132786918719762,0.67753324920008
1.29302313742974E1,8.87203977038608,8.15896632527935E1,0.0671333220418508,0.530854391328631
1.27206932217821E1,1.2758866364889E1,8.0107718080854E1,0.0724436453477153,0.479787742095384
1.26494591980435E1,1.04173339821793E1,8.10203709656422E1,0.0520942955986398,0.36613633211315
1.24350122419068E1,8.9447364214659,8.3877449533197E1,0.107785882235053,0.42725245773081
1.41164539460416E1,1.35410163070412E1,7.89150765036624E1,0.137894348000698,0.74555407245884
1.25812686857112E1,1.08655145164191E1,8.33275237191631E1,0.119354078338707,0.527346967020583
1.26274381726253E1,1.12471479106752E1,8.34766070626951E1,0.0999519620509561,0.6682379939699
1.2696077633715E1,9.0665285591895,8.62045128902371E1,0.0897830741578135,0.542407840083323
1.31099821462712E1,1.16714387984094E1,8.09706995453065E1,0.0471693175680951,0.496417160116921
1.28197486943742E1,1.22308642231487E1,8.09184542955335E1,0.146561412783657,0.591812127047745
1.29279726072271E1,1.13963769066932E1,8.26604606924317E1,0.12822441539457,0.554118133204652
1.27654836709824E1,1.38296363856457E1,8.0449255728138E1,0.118688343842711,0.430035558447812
1.27229973980546E1,1.07032699693227E1,8.3298117514568E1,0.0968393147850705,0.660464118035006
1.28671527153642E1,9.67053784541922,8.50007488786356E1,0.1082491786578,0.540809961867527
1.29487737446985E1,9.68707654420977,8.56918856169785E1,0.0614148179826897,0.806358006129186
1.30647663245667E1,1.17745430927324E1,8.26334966054928E1,0.103945064775738,0.504871576869196
1.30108384201742E1,9.98991269487916,8.4901795245742E1,0.059388270142316,0.697701504832221
1.25046468170896E1,9.95850268571026,8.60432688422314E1,0.0733901276977323,0.413337088590158
1.30221843268011E1,1.68587673535631E1,7.5952336398878E1,0.0717504861285977,0.429771524123051
1.28601375245582E1,1.1899163374608E1,7.98438369796066E1,0.180216134522228,0.54899254272174
1.28668787532283E1,1.2401976710185E1,7.49004923128728E1,0.14766860142937,0.893960433913306
1.2869326748385E1,7.47296701259048,8.66954560048863E1,0.129327849815185,0.592583055317201
1.32248565485184E1,1.08690572169881E1,8.0955945246242E1,0.108847565280415,0.523342835452967
1.30708523538142E1,7.51002807416288,8.51447505735916E1,0.0595558597946852,0.434808516210998
1.28392478568425E1,1.07018393201307E1,8.05555110068113E1,0.156301720907713,0.721866641097078
1.30218600694387E1,9.92578738407734,8.31243404487978E1,0.129077874059843,0.398164533682087
1.27991026043532E1,1.2422246464242E1,8.21161759873305E1,0.119428702192593,0.448574794233362
1.29636600592075E1,1.25695268686092E1,8.20492661048267E1,0.0902730258760454,0.527424164713523
1.2958674206412E1,1.41007162259451E1,8.00146504409196E1,0.13809470492263,0.389446396053023
1.26300532638253E1,1.0968388281605E1,8.0944827988609E1,0.0927157053615157,0.44949461668856
1.3110592571503E1,1.21511495536142E1,8.38564242869907E1,0.0687919480994044,0.978449560733156
1.27990065012107E1,1.50199834155813E1,7.65994269365034E1,0.196450111454535,0.737259749633338
1.26252734619553E1,1.03844255890334E1,8.43746066392044E1,0.140509859972902,0.674507986650225
1.4061353536395E1,1.30530606015765E1,7.89094898417641E1,0.151914631796053,0.716292337155948
1.33255570533712E1,8.47312441418628,8.1901234796995E1,0.185099273564608,0.673408989653426
1.2850403288171E1,2.1816889163087E1,6.869730437979E1,0.0831735415098183,0.30214700746042
1.26097543599963E1,1.04200678100765E1,8.20055431614455E1,0.182398358909908,0.6636575504129
1.29511001388846E1,1.16285489246817E1,8.31172470950562E1,0.0804132585774968,0.57684983492887
1.27204574744763E1,9.97407561236725,8.35840791890178E1,0.110574553251236,0.394122557584333
1.31371784178668E1,1.18545870767627E1,8.10463646452687E1,0.12109251284609,0.81299177893308
1.24153489940984E1,1.22796072471531E1,8.18674148869247E1,0.120806080329184,0.338552197733875
1.23833813068255E1,1.38036902672268E1,8.1417294264851E1,0.0881183540023635,0.394935514084321
1.228819924156E1,1.08950708015953E1,8.02960059796467E1,0.111989015149894,0.524882615712897
1.26468213359067E1,1.17405072957272E1,8.61383438933711E1,0.0412744321524543,0.286884348582293
1.24452683767155E1,1.06127102353621E1,8.12631094940645E1,0.100303752677136,0.372340485343337
1.27126946869965E1,1.40378040119268E1,7.9380264560678E1,0.079320023328993,0.4383787295393
1.26070510775411E1,1.31958121978737E1,7.9947907543839E1,0.135706028680307,0.393393114663723
1.28297964116443E1,1.00293265413543E1,8.44227896362421E1,0.090300003195774,0.316678626094284
1.29933554992038E1,1.35053394192232E1,8.1120383941481E1,0.0924284736528477,0.407826418528861
1.3156902284214E1,1.59156239446758E1,7.99575460254791E1,0.0664920957976162,0.464925801141101
1.29082458928534E1,1.45673619553711E1,8.02595025854718E1,0.0782525636292645,0.366956414889603
1.26449696867517E1,1.1070794747829E1,8.35674539035006E1,0.127087052141493,0.425919667993598
1.28205204818531E1,1.30154803152057E1,8.19937439717608E1,0.11227276809478,0.460428017098474
1.23021948511605E1,1.12300620550887E1,8.30651662770137E1,0.116848545032176,0.415778162899846
1.23728706075507E1,1.12215795147858E1,8.23017231159516E1,0.128218879639068,0.486090798675031
1.26529629567205E1,1.4276118318672E1,7.7414612913217E1,0.185366951742593,0.422059865630895
1.23997622400441E1,9.10971438748776,8.5041253796353E1,0.12889778457363,0.472013940401306
1.23043783204906E1,9.47890375909427,8.49570560800276E1,0.150377662449708,0.847739227873657
1.25480376461196E1,8.71384645298505,8.54208791297742E1,0.110573918776256,0.492586887370484
1.23761343696122E1,1.1205689988899E1,8.31830639564996E1,0.130043490820233,0.55578876597689
1.25306247864166E1,1.3740206872806E1,7.92305098883498E1,0.109327279700915,0.554725792332422
1.24870123781383E1,1.03403085988272E1,8.21655122006675E1,0.149740202594404,0.620144581337366
1.23933728712574E1,1.14489090299971E1,8.0885408423318E1,0.105002561939253,0.70098022842383
1.22904738763883E1,8.32113643954258,8.29071998687742E1,0.136986724447636,0.540964014007121
1.25154697469213E1,1.25239295343655E1,7.78189370155632E1,0.170626777932755,0.563416659160034
1.27385910690454E1,1.13483934744527E1,8.1836362514682E1,0.129799868156952,0.431531722355933
1.2549492259379E1,1.25314192130067E1,8.12398522636785E1,0.142091019790904,0.706266520001806
1.26767715336837E1,1.28707144955704E1,8.27326071944801E1,0.0696415804091931,0.52376829880119
1.28753682937383E1,1.6027395877905E1,7.72343554097862E1,0.118896818653558,0.849779790842656
1.27325231893442E1,1.4628725285712E1,7.9602283287645E1,0.069212169059492,0.59450899908599
1.23486094557607E1,1.13835211286032E1,8.34372845196958E1,0.110168661301576,0.565524882673434
1.22724570129057E1,9.79668248972647,8.8039837742331E1,0.0523803082359258,0.424879500150534
1.24935213172007E1,1.08304524768041E1,8.182967955541E1,0.0996729276289421,0.471754330366808
1.3068096425141E1,7.81606648002911,8.3772693064725E1,0.113642558741922,0.830602132237354
1.2448575525757E1,1.54624441876532E1,7.64267971420438E1,0.131093847393881,0.583289856013335
1.2369330289789E1,1.15095447871558E1,8.32062323081352E1,0.119415628834872,0.558487283883137
1.27115821471592E1,1.06886619253173E1,8.48169019693345E1,0.110530267647772,0.548026872196207
1.26127656949296E1,1.09068019477972E1,8.46978403950596E1,0.0987773624259486,0.81457823535177
1.23895689033283E1,1.10671388330691E1,8.36328002476958E1,0.108923036026862,0.459374361905137
1.24084683723858E1,9.59442154382697,8.46605414016877E1,0.0837563607340534,0.382671410000842
1.23007204479083E1,9.61803045363798,8.34691371949284E1,0.105732039728977,0.374944222962616
1.24386704917448E1,9.38864045145362,8.5387185406868E1,0.109411148943283,0.450416047459766
1.23787250643451E1,1.0029212621626E1,8.34892274231624E1,0.166791072549144,0.610837197147756
1.25037177047714E1,1.01753776088201E1,8.5016946424046E1,0.119019183024998,0.369974223824977
1.25916763659272E1,1.4194305667369E1,8.02830567883837E1,0.119400504027243,0.630854236536512
1.29372742867067E1,1.33878368930216E1,8.24899109866975E1,0.0361959492367363,0.621609499574404
1.25256138128003E1,1.41431932879068E1,7.8106712439787E1,0.0975648500536225,0.625114421354892
1.26226114439124E1,1.02490558353803E1,8.41652225027734E1,0.0996886352001877,0.618005495472715
1.28969088080985E1,9.92732561332072,8.5016182221577E1,0.100649742140223,0.437901052242615
1.29314012339106E1,1.06664865296313E1,8.36508095747527E1,0.132036115554364,0.509952595966292
1.28285987995565E1,1.47457158111217E1,7.79425821397932E1,0.130201809930105,1.1075846592009
1.28968145887352E1,8.48159661365567,8.51533981099921E1,0.0911295987400915,0.582583418257876
1.28263676419585E1,1.64487307359205E1,7.91027922786738E1,0.092679128904007,0.481762181176635
1.27775010364848E1,9.06269955582581,8.57557772022784E1,0.100414175183298,0.5174945418612
1.29103825911542E1,1.02717894918761E1,8.6369157662141E1,0.0913355161332271,0.554934935226387
1.28171133719093E1,1.15907567110214E1,8.2742781125377E1,0.12098789361464,0.591376624010877
1.31579582097634E1,1.2025989638891E1,7.92736709252897E1,0.0998785361413825,0.92804958330041
1.27178709123002E1,1.49092455664387E1,7.99286812658711E1,0.105982177086848,0.639196999251713
1.276741574347E1,1.53443768148552E1,7.9364780538201E1,0.0699542995656506,0.436204914046461
1.32842610443466E1,1.4551414787437E1,7.60636580315992E1,0.112438971431981,0.4718013797021
1.24764820093667E1,1.24800105328273E1,8.2540857489514E1,0.119237755977171,0.511991644293578
1.32128100497642E1,1.06142037279678E1,8.38215105676835E1,0.0787248114686774,0.600770203586606
1.2693827061895E1,1.0046791820506E1,8.44552074178123E1,0.110043606799077,0.492982095573855
1.25149670466472E1,1.19260174461122E1,8.09282678346936E1,0.140384475522951,0.67334664602845
1.29315999854128E1,1.11509023740734E1,8.10644466731567E1,0.100216140380418,0.510912347329613
1.31892329853842E1,1.651204208562E1,7.7571946456966E1,0.100168290307532,0.713583541574112
1.24542555072764E1,8.55670743527151,8.56833125767575E1,0.121537651887524,0.525156358229041
1.27417645879658E1,9.8284262653665,8.5428386728283E1,0.0890595944805667,0.430465269404046
1.2610590601236E1,1.26401425262256E1,8.21765544369864E1,0.0976672422890473,0.634968978534912
1.29039203765698E1,8.62347844196911,8.4573388760011E1,0.092960094131226,0.49306428795763
1.25260261856646E1,1.34552148314236E1,8.16332833688273E1,0.0675380230437887,0.588811403320843
1.29199417332764E1,1.40321744662984E1,8.08981249762058E1,0.0689558754813124,0.67687985401711
1.25859496707995E1,9.44820883932906,8.54207732553226E1,0.108391454310967,0.548464105653601
1.279626010426E1,8.98495010656152,8.62601621796443E1,0.0799875599429862,0.637955900410823
1.28599833912421E1,1.0634738803311E1,8.28867193520893E1,0.114572291635257,0.543524742105991
1.26428255126893E1,1.11625713033656E1,8.36498152303146E1,0.125275935496611,0.316058414579403
1.26983823698863E1,9.86289894831433,8.42984304697291E1,0.15911679813756,0.50930443716423
1.25588301602234E1,9.51881028232348,8.51206585371823E1,0.0694167279044101,0.547428080640686
1.2524561210397E1,8.10255629339716,8.63334388585817E1,0.0903750332734478,0.40375186959586
1.24499483861161E1,1.04192905400247E1,8.36636671334597E1,0.0992217039429842,0.511091864810008
1.26282783682415E1,8.75403011340142,8.45823729734608E1,0.0700469647195094,0.513514252170866
1.24529054031891E1,1.53176902516232E1,8.00205269901776E1,0.0813867729266652,0.56964624806403
1.27792056251696E1,1.21744194699954E1,8.33329562281921E1,0.070860318234557,0.315005297843654
1.2905066719598E1,1.22647812504977E1,8.21625842415541E1,0.070016347563673,0.423441858569897
1.28331193204236E1,1.2836955483458E1,8.15520021578822E1,0.0722414919353616,0.524333474981695
1.29206380689542E1,1.9428750812698E1,7.45910830323333E1,0.10152685397452,0.629599191134875
1.29121569881047E1,1.36369918307485E1,6.82495513266655E1,0.0291085523032714,0.468525202616194
1.25618991203785E1,1.29344564523234E1,7.70334513751777E1,0.184745242941093,1.05997824931343
1.27896411038947E1,1.02817476111858E1,8.50764611197547E1,0.0621717846637463,0.459318286730708
1.27805136591074E1,1.23576686413962E1,8.21838608618612E1,0.0701458124867801,0.332187523276472
1.28329179339461E1,9.5561180580363,8.16583950698457E1,0.0605822275850201,0.522410440485558
1.26847996532395E1,1.002425043426E1,8.22864350974493E1,0.0811121030047505,0.45953139322065
1.28209996052004E1,1.55038499744811E1,7.93544253046728E1,0.0847313317921492,0.625021504463943
1.27503866171264E1,1.56614959605018E1,7.91185745488513E1,0.0697375013736934,0.534654312189945
1.3063815652259E1,1.2393267889889E1,8.172015119143E1,0.0484206935390712,0.482176558726733
1.2515254162487E1,1.08199066588296E1,8.21043579776913E1,0.121210149321115,0.776916694884537
1.23283186561871E1,1.01600556435151E1,8.47127744928274E1,0.066062913667758,0.522693620364796
1.3565993396423E1,9.48991230580971,8.38916750413508E1,0.104458167528664,0.391885712639538
1.25116824317762E1,1.1481474329052E1,8.02205569318491E1,0.101043056064004,0.665930041144596
1.2751231739114E1,1.50834988991918E1,7.70524054687042E1,0.109080045987321,0.474177613140146
1.27240511207371E1,7.2629337113742,8.722671126065E1,0.083696290162468,0.572046958600732
1.27229810697556E1,1.40494641918101E1,7.5645802744576E1,0.154145007858096,1.0903208301683
1.24053916320928E1,1.50761221051644E1,7.77535400537783E1,0.100444947933453,0.531182885751081
1.3615496007076E1,1.1368518622017E1,7.92036482826893E1,0.133896728906943,0.813923282456176
1.24672593303094E1,1.01108988839786E1,8.49220407221148E1,0.100881875395192,0.483981547930792
1.23474284911796E1,1.34762492012986E1,8.11915396301527E1,0.105805731124797,0.555878473969372
1.3470957370986E1,1.09601804878178E1,8.15028365241116E1,0.15888192552837,0.483709173439532
1.24285155943232E1,8.04983943109878,8.57197277581316E1,0.101503844547053,0.654233853714914
1.24798412589607E1,1.26303675341321E1,8.15921847862274E1,0.126444471528346,0.399336280574013
1.23825768148382E1,1.24933641297572E1,8.13189284884648E1,0.0967068229235471,0.437566772406326
1.25408645681868E1,1.46737826936752E1,7.96346100432708E1,0.102115695200781,0.557523101816324
1.23015814715555E1,1.23437704892214E1,8.23607639586186E1,0.157383249353662,0.48260807202486
1.24941090228132E1,1.30211314016967E1,7.88103285808582E1,0.192481668567394,0.60481913282205
1.25104301068741E1,1.1159694722719E1,8.33497447385225E1,0.13734163643981,0.534151334281456
1.28578039350638E1,1.22836044402943E1,8.00253211802924E1,0.184448996206083,0.71307736982069
1.25730193060003E1,1.02621776522811E1,8.22201017257437E1,0.267759423890592,1.11460176121241
1.273615723237E1,1.12967491461896E1,8.28113467531042E1,0.138239017790061,0.463370846601882
1.27966954251425E1,1.19082873281923E1,8.2990047348106E1,0.148117969495827,0.550772990319775
1.26171138957138E1,1.09045898076547E1,8.33424987046552E1,0.122462370912417,0.544869261707266
1.24566910584677E1,8.01906654260313,8.87160459908265E1,0.0879350373254637,0.443684049673431
1.26469509882281E1,1.06409359239647E1,8.3634648720689E1,0.187540635762947,0.905742283351368
1.2460443423989E1,8.67267404361124,8.66562955885194E1,0.107848777838857,0.557162778980537
1.25017210958247E1,8.79121146976245,8.4570539710999E1,0.0983049525911392,0.582084547053815
1.28518136164155E1,1.01900941757876E1,8.56860975700714E1,0.110389815943073,0.555319757310142
1.28693648422507E1,1.01880695623392E1,8.39169083540646E1,0.0592632521299285,1.00357108045597
1.28750995483676E1,7.61020484318572,8.7367998125465E1,0.0522298945485665,0.856869815968671
1.27291713991335E1,7.76130203483207,8.80925720465053E1,0.0412854884231527,0.405657708608068
1.2725817202779E1,1.08897376651688E1,8.4724071519549E1,0.0517707627289332,0.45716139315723
1.2948708376533E1,1.13321133620473E1,8.3450741560097E1,0.082248987729681,0.594551055641147
1.28458962319277E1,1.07380990725492E1,8.50652999884431E1,0.0321327719617627,0.432058000874866
1.31821987480065E1,1.10449744542993E1,8.25574353525182E1,0.0366445326043103,0.453638970767805
1.27840969968884E1,1.245536452726E1,8.31706591239356E1,0.0411243384838445,0.362265793460138
1.2736552955408E1,9.4441142710208,8.56933906907805E1,0.0412856073410256,0.30546561543826
1.2871680822587E1,8.62448171770741,8.45002018991514E1,0.0943311045773488,0.839483403004088
1.27875227543553E1,8.89481105895507,8.51765919489801E1,0.0778568383203487,0.51991038412477
1.3037989167317E1,1.06912967548408E1,8.08877480223747E1,0.0626046220063817,0.529689931288207
1.27886285738784E1,1.10435356062163E1,8.37628017366745E1,0.0502945326543911,0.610086191931018
1.3330925176463E1,1.01307848178107E1,8.39038142961374E1,0.0405885253251563,0.672390429048837
1.25788626227717E1,1.05520344737045E1,8.42640057997352E1,0.0799661839525154,0.653006699608514
1.2750443248966E1,1.11778249587892E1,8.3035004616785E1,0.103184895895861,0.53750867466098
1.28795129616816E1,9.90308014689807,8.25927426169152E1,0.099801772472933,0.545743474752345
1.28544431584833E1,1.36026774772802E1,8.02955185775011E1,0.0809760534723221,0.639053814995198
1.27971485269521E1,1.25427230482264E1,8.1273204539738E1,0.071036371412068,0.435373459593666
1.28244142447537E1,1.4067708164939E1,7.63021802523075E1,0.0986078672697074,0.689722434702283
1.25701568052954E1,9.14527661218883,8.45162300763661E1,0.048250505396352,0.57567415052858
1.25798956466171E1,1.06700856427064E1,8.35320692087941E1,0.0613823295534244,0.567381799977091
1.27988673658062E1,1.5250799671838E1,7.86067551478911E1,0.106621627373386,0.418749838310681
1.27241571908978E1,1.27224316210185E1,8.27684529050614E1,0.059762522794587,0.40261036130851
1.30021172379356E1,1.1271288950766E1,8.4632962625455E1,0.0284567764458317,0.559359157768526
1.357759573733E1,1.08281312119674E1,8.28882213401886E1,0.109148328393574,0.517666208824358
1.26853609074234E1,1.10742707121633E1,8.41234953987016E1,0.0293002227949032,0.387588271013018
1.28790436303925E1,1.23168520873385E1,8.24985499770824E1,0.0781685666087158,0.925904692004436
1.2804828447127E1,1.26939307349615E1,7.93732718375216E1,0.176657959400654,0.71553597379939
1.32463936591738E1,1.66490846096786E1,7.31382012247126E1,0.132131588620991,0.703634001610873
1.28620804542996E1,1.3529224082116E1,7.77382941216068E1,0.0516883752964034,0.636849348137097
1.28118309108421E1,1.35106427483736E1,7.7662154625422E1,0.11241216485303,0.809551989414804
1.30455968084825E1,1.08300731364434E1,8.41509386232217E1,0.0675800246343148,0.58088002395525
1.27730904562984E1,1.09638398469042E1,8.25292479701314E1,0.13693766157231,0.82865228937179
1.27829355903525E1,1.59828025443677E1,7.53422658709765E1,0.118359813512781,0.961585835477977
1.28819790654522E1,9.78660971097623,8.415931860994E1,0.0808191287553001,0.694317469779026
1.2892529614482E1,1.22055115188081E1,7.8951401948032E1,0.0862600797125558,0.339258535581285
1.29191083797814E1,9.78815627142136,8.40343797852596E1,0.099208685000285,0.41804273266014
1.30035790023207E1,9.51937459793356,8.36079718357443E1,0.10215288911109,0.287425584008133
1.2976581899743E1,1.1582418551834E1,8.24420742639385E1,0.11422609225944,0.406702592094551
1.3037265037829E1,1.04546222362552E1,8.25315225963041E1,0.10718232686781,0.48715439950683
1.31654684013434E1,9.27325825981621,8.5258072006119E1,0.0978694256753671,0.524001754333833
1.29793322372671E1,1.034504781756E1,8.18170112485314E1,0.107721029433283,0.373950229222961
1.32021085681387E1,1.03388072323382E1,8.16683374134086E1,0.0902963964818518,0.295995018455585
1.29424894273191E1,1.10512053195307E1,8.17708770334858E1,0.115737581034853,0.475637870940361
1.31662792133058E1,1.04456300376002E1,8.16731648884108E1,0.107127010051912,0.427940246008354
1.3296185669577E1,1.18189439937527E1,7.98936642428914E1,0.0950402208829445,0.502977767448744
1.30663507681424E1,7.77586666605472,8.64556994236704E1,0.0725425964501881,0.530177331488216
1.31146678266111E1,8.3445947099193,8.72689621697703E1,0.0425544352760462,0.418099927767766
1.29944089657868E1,9.36128298250503,8.56141455136156E1,0.0775742315915713,0.476971907383308
1.29451760651683E1,1.00397228280821E1,8.5455627823935E1,0.0392002375420884,0.72742252873989
1.27049550528016E1,9.94298216971104,8.42706575523108E1,0.0790904378591781,0.367590102603923
1.28923751458561E1,6.77152467441972,9.0668232389746E1,0.0196425897215515,0.593395520543731
1.2864572267787E1,1.42482093458198E1,7.88436294604276E1,0.149628001663296,0.539054919832728
1.28305668332256E1,1.32527557507798E1,8.14501525842272E1,0.0715960181668437,0.546572058930401
1.28679336902146E1,1.07455777252671E1,8.36656094568476E1,0.0911578298450533,0.647354869005802
1.28762762294655E1,1.24873255015461E1,8.08221512963813E1,0.108282357552952,0.591376002459938
1.26653239665817E1,1.04192344150033E1,8.43834240675701E1,0.10052686260559,0.554060947232146
1.3229464550456E1,1.39939154236356E1,8.25301375563418E1,0.0604408161355465,0.37637444431764
1.28732114283713E1,1.14348040817402E1,8.23930373889088E1,0.0872093605797256,0.421740829939887
1.3016833039379E1,1.31108545983151E1,8.17747799924448E1,0.091933769074012,0.539041421224936
1.31865975545282E1,1.46563975183011E1,7.73427477742027E1,0.101685263856318,0.621427571076792
1.28752364732692E1,1.33126027811702E1,8.1349972072251E1,0.119294864170054,0.528571191493633
1.3056609671288E1,1.032917607255E1,8.1406118280752E1,0.0699913003221543,0.6415933027144
1.2683753661352E1,1.0500979501205E1,8.4624674893248E1,0.0930784458447025,0.477114167306081
1.28428729826995E1,9.77439448179085,8.3787943531163E1,0.131584320230942,0.404089822237197
1.3163102301443E1,8.86236306195234,8.35710942742108E1,0.0603175372237761,0.486459203457648
1.29301544800294E1,1.00367264379765E1,8.48712182842961E1,0.0693515076853081,0.462759995102184
1.29970002247937E1,1.26780046850618E1,8.30908276295672E1,0.0810024844074137,0.198204004026535
1.27961083266355E1,1.30581074247116E1,8.241746844437E1,0.0595958652079196,0.415537219194718
1.2985216440889E1,1.46522019191114E1,7.94758323434666E1,0.122889023659407,0.515707100807357
1.32901278811634E1,1.15305984177014E1,8.3675416854481E1,0.0623453743022057,0.550777005346068
1.32384283808052E1,1.17607993415488E1,8.24640260897364E1,0.0623572613759012,0.425122609470885
1.28848280481642E1,1.16434869321593E1,8.36541310359992E1,0.108920919382816,0.295012499883754
1.2908906569523E1,1.04289391526403E1,8.25609212094632E1,0.086189857155292,0.403808906837856
1.31319451299658E1,1.19646277559445E1,8.23260304626265E1,0.0809052365315167,0.395239082724885
1.28268545384338E1,1.37196844326438E1,8.0343887616995E1,0.0909106282851508,0.336665156861756
1.29467893842086E1,1.03199908024308E1,8.37360353125724E1,0.1000138092326,0.429038751495247
1.28467679131241E1,1.25734594503131E1,7.99571100748625E1,0.119108431448427,0.39037620270352
1.31541903817175E1,1.08360797531046E1,8.19365234715811E1,0.0926399255253936,0.448425575686981
1.30498727573284E1,1.0610104802817E1,8.32352064529478E1,0.112100412064374,0.424244077924968
1.2863649548963E1,1.30821268508733E1,8.08939322929284E1,0.12090568727953,0.695378246055567
1.36151275353374E1,1.2509912565395E1,8.21642494485372E1,0.107880710858287,0.657736534077103
1.268811118122E1,1.39102776258843E1,7.9708647411743E1,0.0931407050104645,0.574349926961084
1.27812530562916E1,1.13050034716714E1,8.27639878057107E1,0.117777313143764,0.559852186063998
1.26964047238152E1,1.26658223253425E1,8.27107629962407E1,0.0893576591942484,0.648339369948587
1.25768463858416E1,1.26057675126025E1,8.36689510141398E1,0.0711512522196905,0.410594253212654
1.26883652304908E1,1.27617449806786E1,8.11698400265201E1,0.126031403280327,0.546518260036527
1.26447688573382E1,1.40424360004676E1,8.02607735147592E1,0.110166096571393,0.7570953352724
1.2527817098593E1,1.15021153600675E1,8.16739552186092E1,0.14927343441151,0.420016023260797
1.25475279111421E1,1.2528259482207E1,8.06573762741338E1,0.149666110703905,0.454989143174822
1.25963784908202E1,1.29853768736453E1,7.86700867300976E1,0.151350099510134,0.578605337991913
1.27154539511514E1,1.0929784069456E1,8.4481600294432E1,0.0719087615069028,0.448794209311551
1.25738784068451E1,1.24631863118042E1,8.26998791183427E1,0.0877538089937054,0.502350386448548
1.24229563970141E1,1.180405658843E1,7.8579957288805E1,0.108509813475972,0.502613844877253
1.25874978734905E1,1.39059097592476E1,8.16351066841288E1,0.0902047289697128,0.331390673013506
1.32506915073368E1,6.50202960099764,8.4960538192735E1,0.0753174821626443,0.413659047370503
1.23039471268924E1,1.07038661769948E1,8.242048575953E1,0.150049207000874,0.400559482356645
1.25509347307938E1,1.13820944411556E1,8.22712330346606E1,0.10804354042697,0.37229419394784
1.47638353462208E1,1.21639601452813E1,8.04910201900236E1,0.173579514308043,0.789050488964393
1.26748938284984E1,1.30896871645093E1,8.10878660037122E1,0.12412069218029,0.695713305531333
1.25404001156227E1,1.26594535502282E1,8.09454513151184E1,0.14602481608359,0.48718731636572
1.26907309502816E1,1.45175928443485E1,7.5609489196747E1,0.224627278468992,0.823306536229394
1.27674046781433E1,3.24548734267867E1,6.2339871249057E1,0.173041394729925,0.434596076630261
1.3169266788172E1,1.12252572747882E1,7.8426580428743E1,0.179547993885231,0.881787960800788
1.22148444129312E1,1.038961296341E1,8.25505947571046E1,0.11388589305615,0.515616344479775
1.2356044376445E1,6.80912894983867,8.78450241873492E1,0.164836166126455,0.542637161450351
1.25191652905587E1,1.13851459408902E1,8.06447479693178E1,0.116158091349593,0.508510795996284
1.2558695177628E1,1.2571178926952E1,8.19858540889125E1,0.12642796283294,0.567835415187422
1.32716821382305E1,1.0527564544494E1,8.16025302969722E1,0.128749009357514,0.5129460217572
1.29667519342588E1,1.6664127754187E1,7.76224858736915E1,0.0679713124293621,0.660188446464917
1.28149576270607E1,1.68168741199581E1,7.45488132773953E1,0.100980386886763,0.704837235706578
1.30371087343027E1,1.26727481710682E1,8.15907336396825E1,0.134411953319932,0.648044523296042
1.26758348164853E1,9.75702698500058,8.546368825312E1,0.0965678611538955,0.485373657925487
1.2957124053413E1,1.02956389305586E1,8.25454433783783E1,0.146345654418776,0.550017293005092
1.28482176695517E1,1.13493000877774E1,8.30747283332531E1,0.0980440090631795,0.432934722778556
1.32612201794185E1,1.41805789711584E1,7.7470556638067E1,0.0972810571601823,0.651800439760298
1.27550455183372E1,1.6854507857391E1,7.82506465480866E1,0.050118563694753,0.349990627542051
1.25847135576463E1,1.06205030960775E1,8.40103718311507E1,0.109255558316192,0.521268495230678
1.30633053746708E1,1.46488225742254E1,8.03505259438315E1,0.117128124344131,0.429123665611264
1.22885507169226E1,1.09539954485594E1,8.25727696477082E1,0.081750057184372,0.466192438428261
1.279651299177E1,9.75373442248222,8.37905736327017E1,0.0842713934967641,0.546294043496751
1.26738803196484E1,1.42857291688703E1,7.96207004981018E1,0.100941819833388,0.271826286919044
1.28522226909E1,8.25628339531341,8.6975680903987E1,0.0906759772778465,0.34341774216278
1.22595004586162E1,9.57638777190703,8.45922240230851E1,0.112307425928781,0.528636833368351
1.2819615100362E1,1.25800286690073E1,8.10639767968155E1,0.0772280100005402,0.533538218736256
1.26799233644673E1,1.3477808979522E1,8.18833883645435E1,0.11044118993263,0.494898653828032
1.24468977774222E1,1.08467971988485E1,8.39206095292056E1,0.147972478042215,0.311373990405187
1.23293139794662E1,1.18141175651661E1,8.29818393881418E1,0.101454249045618,0.463292690356755
1.28951129132076E1,1.01031812901305E1,8.55620400868317E1,0.0757127888524956,0.32691779977917
1.26907301688972E1,1.09460397569203E1,8.36024150388186E1,0.0517097915395063,0.359222711683813
1.228151426442E1,1.09711209790787E1,8.27302433525128E1,0.0941174490317145,0.434630971263443
1.23435491552408E1,8.8253517602564,8.57235839996621E1,0.107895598919492,0.408854156096451
1.25563035037743E1,1.0208932050295E1,8.46985604025068E1,0.0602545636176057,0.569438636045251
1.26715028411056E1,1.67063964518111E1,7.88225179951208E1,0.11826397142757,0.531327721991034
1.2228424580075E1,9.34634364259503,8.44412407980018E1,0.132970272346617,0.3836917064788
1.23115312975542E1,9.05645006698577,8.3904514270687E1,0.0929437807205285,0.296832127642634
1.26859437458194E1,1.13280459900211E1,8.30254425295844E1,0.108945249514406,0.323552249423312
1.23485684255432E1,1.13092804695558E1,8.09978255608956E1,0.148359290376524,0.662915264010695
1.21753217479395E1,1.34581552868671E1,7.98412477922287E1,0.0910285141628387,0.297869718200451
1.2369906818746E1,1.48944019987775E1,7.85800398433751E1,0.109341668898755,0.303528722341654
1.27856587270876E1,1.30272919344355E1,8.05082723042426E1,0.0717661390809511,0.53634091696712
1.25087640100395E1,1.01325314464923E1,8.47572971808935E1,0.076724963710685,0.36945307133994
1.25978482752961E1,1.1435339110131E1,8.09044348524114E1,0.156690866464097,0.631054506492305
1.25174031046743E1,1.2338382391918E1,8.04731472277666E1,0.061254867925658,0.391773417131448
1.29134228507031E1,1.32203417142914E1,8.02271248719924E1,0.116674235473761,0.804971463722175
1.28057565440332E1,1.242671910345E1,7.99725358200513E1,0.129245581435405,0.649005404222297
1.3170205859772E1,1.41079373750337E1,7.83042164388796E1,0.13022441310163,0.77199981368237
1.26398427157315E1,1.21198113862628E1,8.30111309885757E1,0.080671055913193,0.659574017201205
1.24037414718068E1,9.42633240073504,8.5719450174868E1,0.060620350834266,0.57985290738209
1.2607504155863E1,7.22521088881658,9.16173513779957E1,0.0116482875850635,0.316049574332516
1.27645013392228E1,1.03757070927994E1,8.53543127395641E1,0.0557397414320483,0.486146828042261
1.27889832162148E1,8.97132367662143,8.6398694713584E1,0.0807288888535605,0.451619454850777
1.25199171856766E1,9.8391516186972,8.3776947576314E1,0.172429034571852,0.456942040464272
1.2525467333219E1,9.23524120545258,8.70560769100641E1,0.0845019786557882,0.315721448663566
1.2541878509202E1,8.44607517686053,8.91497561267564E1,0.072115990124324,0.409610755952625
1.23058869062638E1,9.24342862463765,8.45734663519124E1,0.0998632787801022,0.532878788849888
1.37198470539474E1,1.21182294433697E1,8.22523312943628E1,0.11631915405907,0.602535588795176
1.29323807383575E1,1.47218374253086E1,8.08446846351485E1,0.0888266411397348,0.451746655589283
1.2728286798405E1,1.02175681592271E1,8.40123428623911E1,0.0810139409214283,0.52966958760355
1.26402938561218E1,8.33870904948693,8.82327818518451E1,0.093128809417335,0.541270703253393
1.29881343851E1,1.20277101597332E1,8.10858033562676E1,0.059022539920074,0.724030576021362
1.2623460528898E1,1.34270286607483E1,8.19336894739796E1,0.0972346630096471,0.5118256732675
1.25282533187851E1,1.18822925202268E1,8.18987503283756E1,0.113608149497578,0.49577992674641
1.24478907088888E1,1.15582748005403E1,8.242716069909E1,0.0820577073545354,0.427475550312268
1.25388015249894E1,1.47199019020216E1,8.07630684670194E1,0.0819072320574333,0.438934098756055
1.2481524552744E1,1.09214838950884E1,8.36228651763396E1,0.0815158868796193,0.556520465320434
1.2691959227048E1,1.48042063057673E1,8.00659122240218E1,0.0473184293885597,0.403204932237154
1.2591717860066E1,1.25908706849025E1,8.23527205064745E1,0.120934877689258,0.384874354504841
1.26251314553266E1,1.2031127118233E1,8.09240340396313E1,0.0799875447217252,0.484309541290768
1.28162675278281E1,1.3919380408913E1,8.0894028383352E1,0.0929949832258977,0.735579332723331
1.27036283853801E1,1.03811598416792E1,8.47530889042227E1,0.124687498757105,0.707363473255575
1.24629194006415E1,8.53530998491075,8.54956805883693E1,0.0940084556367621,0.61094189212375
1.27998802334161E1,9.8570239958093,8.52147038331673E1,0.0810370143825471,0.471358383201528
1.28126914290468E1,1.28751894732997E1,8.18693136282738E1,0.0913337329950553,0.380073272300857
1.30139203017846E1,1.17211261223388E1,8.19136436181653E1,0.11068715079136,0.47196003431325
1.2507984583371E1,1.30925906757388E1,7.90455956982426E1,0.1315860803193,0.864119119053557
1.27162719870214E1,7.81194862739123,8.59027077122287E1,0.153490170497843,0.814047132285823
1.25921697922414E1,1.3396118603114E1,8.00289961542828E1,0.117807589267121,0.471909168009658
1.27573367719712E1,1.0157832023429E1,8.35686433573404E1,0.0912284372629732,0.540968590786991
1.2593030470761E1,8.96271803525137,8.58257697114476E1,0.10051253991195,0.565756871818074
1.30713560132282E1,6.82381130707336,8.68677131241807E1,0.0360958277654052,0.59296766085724
1.36628788542801E1,1.217178814659E1,8.22651354321542E1,0.0770153437456565,0.431151230345774
1.27395989218022E1,1.13086049999044E1,8.35626384528231E1,0.059278610388851,0.39668213328934
1.25724617431657E1,6.85652025884148,8.75262448425201E1,0.0919719674242707,0.62771902483064
1.25201133930941E1,1.24217504027246E1,8.19035379176415E1,0.100626776982894,0.594752835447756
1.26450555169673E1,1.43232186736965E1,8.11650725898893E1,0.0956828019542613,0.557525860231706
1.26567982045902E1,1.19609179358847E1,8.40512396344225E1,0.089476926151765,0.455076248892292
1.25432314804044E1,1.01149013149852E1,8.43853391130157E1,0.12871376389228,0.580399844882767
1.34137768854612E1,9.17193388784316,8.6831900534844E1,0.116718786088948,0.409597828578307
1.25852381520524E1,9.83457533775728,8.55207077867677E1,0.0681852281159744,0.549680347737448
1.25297050252071E1,1.00594079378596E1,8.4720750819287E1,0.0805166893203993,0.428222822658672
1.25901056594775E1,1.08462173595076E1,8.31905476413703E1,0.082571656741002,0.319287180500002
1.27290126231048E1,1.22531474790692E1,8.23457063796488E1,0.102985943309191,0.662392079460056
1.27650006310292E1,1.1112497662518E1,8.39785085752754E1,0.0677344235599647,0.453328553937334
1.27928019186903E1,1.39447041415133E1,7.99583500947283E1,0.0898382919826611,0.64558503780668
1.23988843968547E1,1.26712441350024E1,8.27121747308641E1,0.0814696981743718,0.56543197794485
1.28428934562135E1,9.37071099689796,8.60209733489047E1,0.0482497993127777,0.435856411027222
1.27431018038995E1,6.8361230002103,8.7231075415757E1,0.100203734759127,0.60708336730346
1.27984548950997E1,9.65511110018155,8.31084895490627E1,0.08350938052256,0.540949471499817
1.41162399930641E1,1.85571452689793E1,7.57910099403482E1,0.0784999130135853,0.807280453979416
1.27753833501918E1,1.04611563055277E1,8.56764397492798E1,0.058740747454022,0.550962844865073
1.29322877807107E1,9.64960016924183,8.61816576026381E1,0.0610593411882875,0.406189240150597
1.27566960041527E1,7.82705673061116,8.79694377305528E1,0.0423565410905681,0.425922345879622
1.28721569492255E1,1.18953914951003E1,8.11821694577686E1,0.0715709587713633,0.510024217170967
1.28045805267582E1,1.3031510164483E1,8.17141025222791E1,0.0510058623521436,0.579597590036564
1.28131145110162E1,1.28583626740094E1,8.10072944366298E1,0.0719000490478615,0.446265036373072
1.27043830025588E1,1.25457743005244E1,8.23427599049693E1,0.0711206593362214,0.586950192648528
1.25286586120401E1,9.95693975451103,8.18645132854E1,0.0804419025798554,0.459864317136074
1.31762427161113E1,1.22854605160654E1,8.00222619624541E1,0.0516680214878407,0.591151714837268
1.26391379705301E1,1.0223938945403E1,8.3213576917398E1,0.0801339681466036,0.47360443530172
1.2799073156594E1,9.14456578231534,8.72346360200532E1,0.0505932751374294,0.562574369689463
1.29003956717535E1,1.10724749733077E1,8.520916261597E1,0.0408078491055888,0.603355686041864
1.2825354815157E1,1.19693036048557E1,8.27943560918302E1,0.0537280012802683,0.562534879741757
1.27815877583375E1,9.56251838429551,8.5740253364212E1,0.0792137393172406,0.301295801600155
1.27177511428034E1,9.3248869768037,8.62279785382066E1,0.0274279118031157,0.638911866462265
1.28639317151525E1,1.0438251853224E1,8.38086504765973E1,0.0496325002889684,0.57683060335175
1.30102417506781E1,1.68976659816542E1,7.66430589621343E1,0.079018665131694,0.498103593310576
1.27767626743356E1,1.37442092911785E1,8.07424321308977E1,0.086061205016244,0.495663493369651
1.28728490526061E1,1.02870970468283E1,8.45039842258246E1,0.0510706821501106,0.529099098831964
1.28883383988071E1,1.54327927591481E1,7.4771066969338E1,0.0631403654711031,0.560735157537228
1.32954567818696E1,1.37899182684951E1,8.07919744614965E1,0.0790982378362612,0.523457900926583
1.2643868125971E1,1.57405074595667E1,7.43743138331026E1,0.0675735829745615,0.50301008000121
1.26796789703703E1,8.39016814868315,8.6957040669079E1,0.091661622918057,0.599436072639796
1.23878558568275E1,1.4622372215368E1,8.11734636832201E1,0.0444386464863737,0.4229246474334
1.26936767719834E1,1.2642594856575E1,8.15203671994377E1,0.0674035445879,0.431139265562513
1.2842411561408E1,1.15397946267088E1,8.25765850379395E1,0.0465292225417303,0.38243530496657
1.25390661921343E1,1.60881760135998E1,7.8822172209658E1,0.0606341789751567,0.515250725182532
1.27123410792383E1,1.57508112103536E1,7.75994406608264E1,0.0259241703300213,0.562611733906497
1.2453742878335E1,9.0271759291176,8.54001038071306E1,0.0696448871022074,0.547689501970915
1.33227139354034E1,8.80135320432624,8.69710374797177E1,0.0519365883573201,0.458870933944417
1.2650330335825E1,1.14347365255791E1,8.21587752110292E1,0.064193366264566,0.614443433538338
1.25478870287201E1,1.04291580641836E1,8.4196535656848E1,0.0799273208364667,0.407845255036863
1.24809373367031E1,1.02011250656137E1,8.48061555159937E1,0.0579041001564526,0.419394145159505
1.2909798344507E1,1.40600127948435E1,7.82750788438208E1,0.0641419871478532,0.464640611584253
1.2731123149696E1,1.05022741731692E1,8.30507648627203E1,0.0910898972524212,0.719282511671497
1.25461780380493E1,1.26897173398566E1,8.35004216147765E1,0.109927744872893,0.443447890324837
1.26116741489021E1,1.20781922458072E1,8.24675074059582E1,0.106597567047552,0.53504981148886
1.24520457936225E1,1.5921000732555E1,7.7570860221391E1,0.108269550248128,0.510932908310073
1.24713195901048E1,1.20784641510867E1,8.36564518281897E1,0.0764090352891681,0.474711138908111
1.29130569489205E1,9.27351067737745,8.51374033834525E1,0.105774067917942,0.530636910041903
1.31867169233468E1,1.39037738987293E1,7.8220722058864E1,0.122137091059756,0.743964543782686
1.24814345530454E1,9.91631371780955,8.66568317960797E1,0.0572728844151338,0.454627832849544
1.29233146622196E1,1.31755083346614E1,7.85137966330023E1,0.128288366317131,0.517208132546041
1.30864881861457E1,1.29874588356915E1,8.02689354998217E1,0.0999493209135483,0.4495139530968
1.24687655399723E1,1.04871098662028E1,8.48216949079943E1,0.116725201573091,0.310230196385123
1.2438835525707E1,1.44021724460651E1,7.82241977078338E1,0.112746363578598,0.589720073027425
1.27018363845022E1,1.35191518452955E1,7.94296548573166E1,0.10107083437704,0.608220290985071
1.37331832309755E1,9.21903538941531,8.56683169022037E1,0.122104740835188,0.725764465843943
1.37889679035996E1,9.58335738861378,8.41267354178638E1,0.162262236851734,0.424087914765301
1.32879884578238E1,1.1762858760931E1,8.44592507606223E1,0.0998407564736083,0.432754878700263
1.231680485955E1,1.10789091482486E1,8.25981099179082E1,0.138959746790444,0.49672850462579
1.26458165141312E1,1.2271601794862E1,8.03117512820545E1,0.100596421927534,0.419082586391211
1.229676503551E1,1.14229167237271E1,8.30848398702401E1,0.111425116976697,0.47855000741532
1.32201825319911E1,7.86381048721006,8.49449244193585E1,0.115397543373947,0.851733435852957
1.25596455989771E1,9.66852385758701,8.38321161385376E1,0.0991324656782858,0.625046533449193
1.23550439304527E1,1.43102217304516E1,8.16460091161177E1,0.149586737308632,0.532298915933936
1.2592327372338E1,8.67271891534371,8.65342704794187E1,0.0892547244670705,0.633635625663606
1.26918543547718E1,1.2827492600355E1,8.27859209017888E1,0.100143011838873,0.459119013000656
1.3051014041893E1,1.39353906523476E1,7.76999060447558E1,0.173367909750786,1.13977451208692
1.25173618407405E1,1.02528927349065E1,8.46879384838926E1,0.11160480571153,0.671707607080921
1.28240841240026E1,1.0206195159241E1,8.3764451572656E1,0.122880669893302,0.908237805079423
1.28362824065745E1,1.07100661380711E1,8.3422874903283E1,0.13430251472001,0.545970285914041
1.26627662827236E1,1.05075286317174E1,8.41007135595853E1,0.0996328957032021,0.357847059301618
1.3426165055428E1,1.24313248127298E1,8.24961375830761E1,0.138764739787177,0.358075320105821
1.26609701005678E1,1.00910926299746E1,8.34775097899136E1,0.106973729725051,0.49181427924259
1.24573520886042E1,1.07374035912221E1,8.50844186135713E1,0.097867718070361,0.299895834103327
1.28991710319682E1,8.13427277363354,8.96697106280994E1,0.0396464021484928,0.460260336307516
1.26656194612398E1,1.20585942829716E1,8.22937336124366E1,0.0830529874330758,0.715057383724228
1.25313198195881E1,8.0919485185847,8.7351530267542E1,0.100409392886863,0.463010166149011
1.29769844420672E1,1.13919259672295E1,8.22266176038705E1,0.131744233703112,0.79076479742871
1.26001786503124E1,9.54094911456142,8.52476734520824E1,0.116052274068736,0.64509449158566
1.276928395851E1,7.9531597646659,9.06020215440222E1,0.015052144010351,0.432978636257254
1.31161877528715E1,1.3293521248057E1,8.14227512455805E1,0.146210345503457,0.556609875849995
1.2453859463465E1,9.46868315384693,8.394074282602E1,0.100199872691726,0.655251603988488
1.41136953533251E1,1.05596754511511E1,8.4073291520974E1,0.110681197309348,0.90800432871386
1.25671479693927E1,1.12623137452315E1,8.37621906109181E1,0.08359373095726,0.422347158661213
1.27192310452621E1,9.65315282260321,8.4910064705603E1,0.0510983145048283,0.620344711699923
1.2448540669368E1,1.28835212132586E1,8.24296619741428E1,0.0957770096874827,0.493004034599545
1.35379212085457E1,9.59419587633755,8.56779557072172E1,0.0787866068907018,0.710788716197483
1.2527692897862E1,1.09475744818763E1,8.40499321085878E1,0.0764245018453138,0.575180689025815
1.2802785876848E1,8.0722842554957,8.55865948885241E1,0.12481628242793,0.490033240834376
1.25879872119881E1,1.25218623308573E1,8.20058524695178E1,0.122314737331067,0.498281038473936
1.26298382937854E1,1.57985617181127E1,7.92224562754063E1,0.126180138088554,0.584293930113724
1.25543073566545E1,1.2521583750564E1,8.06594421803122E1,0.0959590453987692,0.316196457844137
1.24844815928075E1,1.20266574261896E1,8.20508766063893E1,0.0992967975067542,0.526221925252123
1.25181759300908E1,8.98625787754007,8.44399421413538E1,0.117556035095458,0.46098791292939
1.291670796982E1,1.27529616864882E1,8.08306081335238E1,0.0801250861384975,0.428145550653044
1.29633004263786E1,9.5498837027861,8.58375684647842E1,0.0885296259890543,0.620165648674341
1.24978582634307E1,9.77562173839442,8.45106624177838E1,0.0947633887297908,0.497073649508652
1.24849236162352E1,1.15105256286981E1,8.13065884244678E1,0.101119252401481,0.72381768789209
1.2669114107078E1,1.34443709149726E1,8.2233888800319E1,0.0628491148289285,0.53799830759644
1.272650615366E1,1.26108911138908E1,8.37795799242697E1,0.0483199523034288,0.445527510481196
1.30648513190493E1,1.50165774316414E1,7.85393021067086E1,0.0476322369274732,0.507353205889753
1.30722286590068E1,1.2219347825247E1,7.82971110174718E1,0.0576771271821794,0.537076734950105
1.27076018571613E1,1.09860415686478E1,8.33457644689468E1,0.0633295135922038,0.444352445769176
1.27792223835575E1,1.342493799927E1,8.01168719599104E1,0.0902528813748178,0.484554229759953
1.27650101167412E1,1.19568964974296E1,8.150257021085E1,0.0950826425356975,0.58323819237958
1.31335690913333E1,9.45829055322536,8.6703327593143E1,0.0387278457993004,0.51286234435952
1.3072131722024E1,8.2571108855907,8.59001341893313E1,0.0659614818773,0.723722989174621
1.30295871750771E1,1.44202779527412E1,7.86773702569445E1,0.042832417321911,0.526288448848222
1.28582897085768E1,1.33921352981343E1,8.07462375283496E1,0.0360060512079514,0.550134579385247
1.3058567325106E1,1.96672954163232E1,6.97501092971002E1,0.023586807397439,0.379567274496893
1.30918394100288E1,1.3710161540664E1,8.0028084812574E1,0.0121452632601495,0.5055866918033
1.3104811279088E1,1.30420360250251E1,8.20990482897597E1,0.0105892452661034,0.352808888427895
1.26743972188578E1,1.41464239174394E1,7.4972912676406E1,0.10005963490905,0.431495924228594
1.27200187918338E1,1.13498735926468E1,8.35444287751487E1,0.0385781171615588,0.473107205980264
1.26551045402522E1,1.42511448779066E1,7.94585654435658E1,0.0485956393998124,0.4317184329043
1.27599037050173E1,1.17825533409807E1,8.21950109938453E1,0.0341084844670525,0.357394964414018
1.26732437697901E1,7.21223308498026,8.68021537150728E1,0.0891818975581697,0.423086593760994
1.27468300883146E1,9.68960963585574,8.20040726450621E1,0.109619853609021,0.501436758404294
1.25509498948698E1,1.19408721366358E1,7.99962827294266E1,0.148269800606488,0.591835763056422
1.29903095494364E1,1.32095012796313E1,7.8474361420323E1,0.107858447642445,0.429457366241054
1.2529458729374E1,1.05701917952983E1,8.43191787145946E1,0.108731608392724,0.578370668676688
1.2823699124872E1,1.06258273096798E1,8.47658560283905E1,0.0638416849134285,0.493810256316627
1.269563537021E1,1.02238097814805E1,8.29972900646838E1,0.0993898073390626,0.471595464642466
1.2835972051529E1,1.40747780119936E1,7.4637542694487E1,0.188570769234923,0.281925178537263
1.29809960966012E1,1.49438944536304E1,7.93397228487816E1,0.12877514152819,0.43585326536599
1.30275866253988E1,1.0725478969393E1,8.40105148823135E1,0.138519469144771,0.363519481032351
1.23824327807365E1,8.46937372204275,8.5686721507594E1,0.164694859344543,0.643867527615564
1.3155399578823E1,1.33032236150323E1,7.75349159417908E1,0.166093459967337,0.326510542849148
1.30397498210755E1,1.25986440149915E1,8.02324245163172E1,0.159065338710867,1.0692119675303
1.2433221717354E1,1.05390163421281E1,8.45719021788883E1,0.0886445988847167,0.50456861708274
1.29328385466964E1,1.05160191826302E1,8.3896248860374E1,0.0866230331119053,0.752825962929965
1.28151604795733E1,1.17258956622732E1,8.31063491706618E1,0.0656158719631478,0.277565814496476
1.2808584868714E1,9.07012109748746,8.34397726486112E1,0.0995809130671355,0.56780414702385
1.27496734313548E1,1.23019706303555E1,8.22460940566225E1,0.0546008912462408,0.499780906363292
1.25558056110456E1,1.030336940728E1,8.31834342871725E1,0.134479512602476,0.467237455853865
1.2782542697241E1,1.68294214027745E1,7.66451473272685E1,0.0994494194845178,0.587457291741597
1.30930227005167E1,1.41462631847615E1,7.96414108861607E1,0.140607944220975,0.624636303664825
1.29358989292522E1,1.13318091860372E1,8.30210010003727E1,0.0685375181844271,0.344139501289338
1.27023773644932E1,1.0032836889954E1,8.28515795861958E1,0.10364051032595,0.33225183195522
1.27616180359166E1,1.17624450048293E1,8.17945360866742E1,0.110053369942122,0.406968242932145
1.27287989696884E1,1.14445825230935E1,8.35384450992268E1,0.0971908317326417,0.472668525804256
1.29571050834935E1,1.55328978569422E1,7.86875748986512E1,0.100541640285142,0.373218821052536
1.30287968148321E1,1.19438453591251E1,8.2273685639462E1,0.0719019144325256,0.477686181347915
1.33415699505158E1,1.50845863278442E1,8.04652219078398E1,0.0725769746599213,0.45247481508661
1.2848892781382E1,1.21913788905125E1,8.07505809826365E1,0.101423259355007,0.689218110866383
1.28567597092952E1,7.73682512942107,8.6781215159935E1,0.0412970921115333,0.435990591281207
1.27110019731256E1,1.0720640208854E1,8.17279126776698E1,0.123548883365442,0.484554242127658
1.26604774672113E1,8.78674498305134,8.5759695105314E1,0.072116581790556,0.47463331114026
1.2648428511713E1,9.92088601136891,8.4752367364832E1,0.0879471501142661,0.380688849316665
1.25771340774386E1,1.20432846233007E1,8.36789544308888E1,0.0802149042641961,0.346957426673542
1.3129552486628E1,1.14751151298588E1,8.27272875548643E1,0.0367027266507454,0.379059343574822
1.27103428609105E1,8.8392686887221,8.58926415007236E1,0.126712230098627,0.831114530993871
1.27850107090323E1,8.56318389349453,8.5743458650305E1,0.097676589115451,0.553581595414942
1.3286051078742E1,1.0877623053022E1,8.30538358522522E1,0.0935005035053642,0.463506092562114
1.28899421528285E1,8.78180539973982,8.57425486924551E1,0.127203832789291,0.65502642274427
1.28118404033837E1,1.28140738126162E1,8.02087577877388E1,0.137727212325016,0.734820789020114
1.27968425612865E1,1.08086157034708E1,8.31975615354002E1,0.102165300132957,0.715469354079925
1.26711305579416E1,9.32923136064121,8.58159293696198E1,0.098336559677636,0.443700042873357
1.3203176892684E1,1.22993048097755E1,8.15007739341771E1,0.073847532973802,0.298082074977174
1.29037677305861E1,8.8658115875457,8.39161749827248E1,0.090992137518098,0.283462971751892
1.27387446632443E1,1.3989909243083E1,7.92262092134714E1,0.0900249503243642,0.499822266067107
1.27303901199198E1,1.24829773511206E1,8.21233675149148E1,0.072601451517983,0.663465612974854
1.27615523774883E1,1.32557371098796E1,8.05501936725441E1,0.138160741440713,0.665584783063154
1.32116140903235E1,1.3968747749872E1,7.96591368639702E1,0.0623301163665308,0.595743029929876
1.28126393428882E1,9.87081468715093,8.21987981966507E1,0.0834852558178341,0.509522356295472
1.34244208523733E1,1.42611162658441E1,7.84105170356053E1,0.127585325445728,0.481453345412333
1.27773190884097E1,8.83945781403576,8.54304089498527E1,0.101524994420995,0.422582023513031
1.26277042419113E1,9.68467001750174,8.373813572822E1,0.0892838841728682,0.646635786822058
1.26685352818482E1,8.68197562837948,8.56976810001053E1,0.0987158178244855,0.424849387205221
1.27069353003034E1,9.55071676092551,8.09916676610344E1,0.127334100458494,0.588978873801451
1.27110659598544E1,1.26802254187013E1,8.04345368722552E1,0.109300868801584,0.451818472059961
1.29099566782594E1,9.62453122420988,8.25829477087347E1,0.0978041890518417,0.648577477735308
1.24363227120367E1,1.31410716696083E1,7.83948918521533E1,0.102504794452392,0.473780927524984
1.23183230339447E1,1.26068300718431E1,8.3067926735974E1,0.0533308754933023,0.297214487043852
1.25003471065804E1,1.3263013944913E1,8.07342702696891E1,0.110879803819748,0.473487860664097
1.2689153278061E1,1.22912078088183E1,8.1365765207077E1,0.11362207175714,0.438969404928263
1.29798462132061E1,1.16512044720601E1,8.06014968976563E1,0.116526620143135,0.592329809899393
1.22269594161164E1,9.59704842672502,8.56995478679697E1,0.101054449182372,0.247800861424234
1.23636544089484E1,1.00115236515417E1,8.52215069585776E1,0.0968770940720935,0.568996591508948
1.23642097841581E1,1.00951773691795E1,8.45765618882608E1,0.0729040973493847,0.418602788295101
1.25699566203776E1,9.57325626214581,8.47266266393954E1,0.0886432029252473,0.240081910477096
1.25341032704624E1,1.04225159058375E1,8.0914608242031E1,0.112536140655332,0.344262328439112
1.26610043176131E1,1.18281143858413E1,8.17142531798808E1,0.0966095727025631,0.49645126523375
1.26617291191292E1,1.605888444086E1,7.58747877581886E1,0.13072013363751,0.540702596208171
1.23865246224331E1,1.53339376343317E1,7.7513784044132E1,0.166346119148908,0.523597785609525
1.24325094167008E1,1.16950417515381E1,8.37879566990015E1,0.0986527164280257,0.418073291731806
1.27109616837844E1,1.35065286286595E1,8.18180152316443E1,0.104340945777954,0.492142544666807
1.2884069678398E1,1.20099379905693E1,8.26342328264367E1,0.0912257957832552,0.274471791476655
1.25545488608175E1,1.50176593430557E1,7.70107842882341E1,0.183451508278245,0.541426110880908
1.27217434285018E1,1.41330828861693E1,8.02216586859346E1,0.13690034781503,0.266792252848912
1.2865281336955E1,9.22236672077304,8.73732385927738E1,0.0614037099740397,0.637916155788073
1.27357400971212E1,1.41893497791921E1,8.06606402383413E1,0.129879869214857,0.612112436078068
1.35012137366866E1,1.20709496393624E1,8.26073310347358E1,0.0675445067395228,0.722932513316668
1.27259409605692E1,7.27603583645252,8.77443770460125E1,0.0524655527722276,0.507442240725611
1.28493229474708E1,9.79625562658762,8.62997958729977E1,0.0787346318442642,0.51544772356177
1.28035195540994E1,7.81112488608103,8.70212537669782E1,0.048924372236321,0.41455598188376
1.2673357939339E1,7.3062681579629,8.7821059954561E1,0.120316576064114,0.478555677012337
1.30489007611058E1,8.60484923567335,8.75970359437062E1,0.0511313503494194,0.506351024344961
1.303807552542E1,1.09317975455015E1,8.07488847775641E1,0.191938777545935,1.40129152338985
1.29455892522775E1,1.07734746723215E1,8.15129671668237E1,0.157488399504154,1.07794074279116
1.26440690074806E1,7.28239533313373,8.93520175571405E1,0.0554773782117817,0.47035971063855
1.27614740406383E1,1.0510005469329E1,8.31302469691128E1,0.132428109933785,0.791555581875944
1.2831440423649E1,1.0827892498746E1,8.45650112160257E1,0.119642757188705,0.528108832060317
1.26225838368024E1,1.1830395663557E1,8.38622546486808E1,0.0706702817283532,0.479589456480306
1.27906663998491E1,1.11114195504633E1,8.32972214269487E1,0.101937484817781,0.6616473365729
1.27970688111922E1,7.37508842059454,8.81422508012787E1,0.0638939239206391,0.401761363549132
1.27841782065846E1,1.00272106771207E1,8.75023797560406E1,0.0495364314979948,0.428898481404266
1.2996441290801E1,1.01362325673772E1,8.48676904561143E1,0.090249010736259,0.562279224644646
1.24034320046421E1,9.18942370404911,8.55358576857056E1,0.0798027823809897,0.600492886741577
1.26410529576851E1,1.262371364123E1,8.03097977322483E1,0.10790238593463,0.573479036583927
1.2929882920188E1,1.08110448303503E1,8.41231019197165E1,0.12860264359748,0.690598942547967
1.23484640285765E1,1.57602703279141E1,7.72566361770335E1,0.0660126791314961,0.528066503783843
1.22811718166217E1,1.57481278744788E1,7.85301020833662E1,0.0925564527016388,0.616043698137908
1.3864649167221E1,1.71416179914605E1,7.53959640643616E1,0.129222563333244,0.701526303865406
1.25327147847687E1,1.22206559637247E1,7.68414580656673E1,0.083631346775527,0.482917851788016
1.26122390338436E1,1.21362922951391E1,8.20448155970871E1,0.0515437669200307,0.44568941748591
1.25374485180492E1,8.74301498641563,8.60253353371783E1,0.0533052103501184,0.479057692951034
1.28520662165444E1,1.1456476992617E1,8.32808606967078E1,0.0641546923303187,0.56646046892064
1.26312889503613E1,9.21831433208693,8.40773026547413E1,0.0811773800222038,0.529329961793
1.26486771709288E1,1.24993688000573E1,8.07382991806495E1,0.0654968040994963,0.403397901565831
1.36236707268543E1,1.24120873239308E1,7.97536792429463E1,0.137371563749631,0.322374027341025
1.32008430244615E1,1.3923726155912E1,7.86070443092676E1,0.0921495974178745,0.427986644697351
1.25549529783837E1,1.6323015658077E1,7.8045733094729E1,0.0902569424067533,0.531987171247034
1.27242580926917E1,1.10760636576978E1,8.2837519860717E1,0.0807807806541681,0.53745722429235
1.26738729929152E1,1.3426430028521E1,8.15782506304928E1,0.0609705148042125,0.44492079596473
1.2496265940336E1,1.17560903103554E1,8.1933067841181E1,0.0627449581192205,0.591774446615884
1.32895351294814E1,1.1524543993707E1,8.08670006380892E1,0.0425294666003872,0.467490293109803
1.2706080957648E1,1.31013114462427E1,8.13116212378342E1,0.0587279753321683,0.627088551607876
1.29560278381E1,9.0107041009286,8.62546527095323E1,0.0386011026131508,0.777083531111238
1.3029319020452E1,9.30800591640915,8.41147802963742E1,0.0841062948841202,0.535059816310486
1.2588055240853E1,1.0572961653157E1,8.2458697457705E1,0.0385228750522877,0.552134051352421
